from_bus,to_bus,resistance,reactance,susceptance,line_rating,line_status,P_from,Q_from,P_to,Q_to
1,3,0.000244,0.001161,0.0,0,1,82.5603712292943,-63.5159268519721,-82.5360973987985,63.631426512651
2,4,0.007329,0.029289,0.00438,120,1,20.7904817133885,16.8265792135989,-20.7423820886319,-17.1144090168693
2,7,0.010929,0.177137,0.0,60,1,8.38350627630136,8.3711917151604,-8.36959249125521,-8.14567738249321
8,9,0.004012,0.011788,0.00106,51,1,-35.7550730584073,7.2692595341919,35.80430716996,-7.23972619621696
4,10,0.020943,0.054455,0.00248,47,1,4.00948368782637,-7.30659674839229,-3.99650739963313,7.06937468915543
9,10,0.015489,0.046315,0.00894,57,1,-11.5451833755871,-6.29620353203339,11.5689944427768,5.39189826175521
11,13,0.000474,0.027812,0.0,538,1,-20.8994010011822,-21.363353387518,20.9033712730141,21.5963095060578
12,14,0.001526,0.009034,0.00203,199,1,23.7653241239109,6.46804832557699,-23.7567702647409,-6.63742516295999
2,15,0.004561,0.031083,0.01926,246,1,49.7805209361326,13.4704991715804,-49.6692662363505,-14.8228776072978
8,15,0.003785,0.021384,0.00825,251,1,-13.782711416159,-6.53192407335459,13.7906258446432,5.67958413515564
9,15,0.02399,0.0939,0.03665,116,1,1.47935321064959,-3.69527787262324,-1.47822908289386,-0.28754278547411
11,17,0.001445,0.009583,0.0104,267,1,31.3267457023481,3.40326264109168,-31.313565027216,-4.45188102909264
15,17,0.006167,0.024394,0.00195,142,1,5.85846393900918,-6.37951106580721,-5.85429230007268,6.18339659982855
16,17,0.000292,0.001161,0.0,0,1,-8.73444710418866,-15.2926226662576,8.73527713876377,15.2959229064689
10,18,0.000147,0.012669,0.0,1062,1,-7.572487043144,-39.7872879905641,7.57474320945767,39.9817326914294
13,18,0.000233,0.001058,0.0,0,1,-24.7199386495944,-14.4558629617412,24.7217103079197,14.4639076592008
16,18,0.013329,0.059236,0.0101,188,1,-12.2191092681541,12.5827641233375,12.2584209644223,-13.5039122660275
9,19,0.001424,0.008332,0.00531,203,1,-41.8494574331043,31.1114811820408,41.8853281549122,-31.4775514516079
13,19,0.00057,0.029408,0.0,466,1,3.8165673765708,-7.1404465443052,-3.81622092143114,7.1583211982476
17,21,-0.000568,-0.016604,0.0,103,1,21.1989136284947,0.503166165188689,-21.2012535066314,-0.571566405648333
12,22,0.003069,0.015045,0.0036,237,1,-23.7653241239101,-6.46804832557406,23.7824161119546,6.16071277617001
14,23,0.008255,0.03302,0.00852,137,1,-20.0790442264154,-3.12990282738154,20.1103216959522,2.33022687549867
17,24,0.000357,0.006525,0.7908,2570,1,2.14965822800918,-19.8835249719632,-2.14787133524804,-66.2796458850985
20,24,0.000208,0.001019,0.0,0,1,-17.1844659039916,-39.3609453360007,17.1879936761301,39.3782280273911
22,24,0.00081,0.005268,0.00585,241,1,-11.9529268552463,-1.5158118176846,11.954001060758,0.886144206456106
23,24,0.000223,0.00113,0.0,0,1,26.9970029025399,-26.0006824583439,-26.9941234016382,26.0152736512542
19,25,0.001228,0.008328,0.00387,255,1,102.739459529221,8.89905643290471,-102.618793308924,-8.49894379175466
20,27,0.000262,0.001127,0.0,0,1,8.86227405768532,20.701122532349,-8.86105250546704,-20.6958679928452
20,28,0.002197,0.01143,0.00537,241,1,-4.87604651716059,-0.911864616474413,4.87653456804588,0.330275702525333
23,28,0.002333,0.014006,0.02128,277,1,-0.579642697790658,-0.881779649974227,0.579651533987348,-1.4333566398459
20,29,0.000247,0.001164,0.0,0,1,8.60989101355005,21.7101830664709,-8.60865221970663,-21.7043451877918
25,29,0.003084,0.016945,0.0265,171,1,-8.59135218522521,-24.4788604720568,8.60865221971285,21.7043451878205
20,30,0.000238,0.001103,0.0,0,1,-14.7299569335469,-9.28486313751582,14.7306203944331,9.28793791632865
22,30,0.000424,0.005515,0.1486,1272,1,-11.8294892567085,-4.64490095849431,11.8300806392529,-11.5150552670988
23,30,0.000223,0.001055,0.0,0,1,29.9133537863305,-0.0865069599555245,-29.911519725239,0.0951837960607327
7,31,-0.000331,-0.007527,0.0,155,1,87.1402807771078,50.9194181767253,-87.1717498932983,-51.6350315832691
18,31,0.000237,0.001049,0.0,0,1,-14.8626393727009,-34.7520606929148,14.8657775371247,34.76595071182
30,32,0.004847,0.152116,0.0,143,1,-3.16986498566356,0.981756523761152,3.17035562510718,-0.966358523017257
5,33,0.005468,0.024474,0.02336,247,1,-30.2230093093175,-10.3533840149553,30.2739949306895,8.07636469569772
25,33,0.005439,0.026324,0.00925,182,1,47.0754081564975,-5.5231409935726,-46.9623935474246,5.07341469191463
27,33,0.00916,0.05232,0.00786,98,1,26.7320350221682,5.32130522516377,-26.6690359057661,-5.81169256889765
2,34,0.011573,0.039395,0.01019,125,1,23.4515564356054,13.9687756651071,-23.3716622234696,-14.8117203526715
26,34,0.023978,0.065403,0.00279,74,1,0.0,0.0,5.06717992109748e-06,-0.302935187966534
27,34,0.005297,0.024876,0.0019,120,1,-34.7434435597012,10.1268368114042,34.8073621627799,-10.0330764824947
18,35,0.001436,0.007966,0.00161,225,1,-29.6922351090983,-6.18966739165247,29.7044650841723,6.08365982309305
32,36,0.028999,0.079367,0.00404,50,1,7.37291657208061,-2.21407191498628,-7.35732700740922,1.81853340154119
35,36,-0.000841,-0.04658,0.0,313,1,-27.3433046315754,3.97068484686686,27.3373638946008,-4.29972114684354
28,37,0.012197,0.027929,0.00257,114,1,-6.97616921480737,-0.237249840112089,6.98162637754486,-0.030080946232676
19,39,0.00269,0.067655,0.0,255,1,-2.743554776669,-1.87805313277734,2.74382943402795,1.88496091850962
31,39,0.021014,0.048869,0.001,71,1,-2.66870445024956,-4.66329202534518,2.67422556137344,4.5678791353604
34,39,0.000292,0.001179,0.0,0,1,-25.2693367541746,23.1359265511618,25.2724936127545,-23.1231801940873
36,40,0.017758,0.068388,0.01134,165,1,-15.5989089479529,2.75494550877496,15.6406254492653,-3.82428999787374
38,40,4.2e-05,0.003103,0.0,1375,1,81.4463482940728,-5.01349578140484,-81.4437705912142,5.20393892354885
39,40,0.000273,0.001125,0.0,0,1,-27.5476915021999,13.8961085558028,27.5500860450568,-13.8862409341398
19,41,0.004287,0.022436,0.00259,125,1,-17.2971223992463,-4.46177084610134,17.3097090640299,4.24679202084318
32,41,0.003417,0.021747,0.00962,230,1,-28.9473118265823,2.0818215643945,28.9739099143449,-2.95693160681854
35,42,0.002581,0.011403,0.00397,265,1,-2.36116045259456,-10.0543446699611,2.36360588093799,9.63562553775216
39,42,0.011768,0.048768,0.00518,146,1,-3.14285710596558,2.77423158445166,3.14494026669474,-3.32722670295764
42,43,0.033701,0.093621,0.00252,47,1,-2.91668688921897,-1.8319583396944,2.92022833376065,1.56820470736649
37,44,0.028098,0.074885,0.00849,60,1,-6.98162637754455,0.0300809462391593,6.99425740763955,-0.922937436556875
38,45,0.000353,0.00285,0.00148,237,1,20.6291918432017,-6.67287799391479,-20.6276657912433,6.52461195226386
42,45,0.004467,0.021617,0.0048,157,1,-2.59185925841526,-4.47644049509546,2.59286955805016,3.96094539239116
43,45,0.003395,0.015008,0.00433,145,1,13.5595641071196,7.02654610488575,-13.5521829529238,-7.46446194711105
44,45,0.014491,0.055998,0.0039,130,1,-4.9520145606638,8.01602271298364,4.96424486255721,-8.39348562381686
36,46,0.01828,0.049671,0.0015,48,1,-4.38112793923748,-0.273757763473946,4.38437061406003,0.119814340106015
38,46,0.00203,0.015949,0.00614,228,1,71.6165369319,-12.183642858216,-71.5179425628627,12.2918102540012
43,46,0.003309,0.020733,0.00654,246,1,61.4041928488539,-4.17242139395379,-61.2891032925656,4.18257219164001
38,48,0.000254,0.001195,0.0,0,1,49.1379219470479,-0.859969705208341,-49.1322673959373,0.886572809842803
7,49,0.002475,0.01315,0.01705,171,1,-78.7706882858535,-42.7737407942301,78.954500480097,41.9107796689385
41,49,0.000235,0.001145,0.0,0,1,-62.0256313318393,-3.27488655800467,62.0339788057868,3.31555829277015
43,49,0.000266,0.001121,0.0,0,1,141.622191189741,46.9801186845482,-141.567771892507,-46.7507802176346
48,49,0.00161,0.056831,0.0,242,1,-0.57925319578298,-1.52305110242968,0.579292606617212,1.52444225592052
43,50,5.9e-05,0.005271,0.0,1607,1,8.86382296732443,-76.7524395967395,-8.86050517725002,77.0488475879613
44,50,0.030096,0.062401,0.00261,70,1,0.585399507932466,18.3374915071185,-0.491260936054235,-18.424519225998
1,51,0.00133,0.008925,0.00934,205,1,-1.23083403522544,16.9694969695334,1.23457793957057,-17.961635892281
48,51,0.002052,0.012412,0.01734,273,1,19.3368239552588,-15.7898589480493,-19.3255789724796,13.9744875263566
48,52,0.000719,0.043593,0.0,588,1,3.89076578682013,-10.5947216653043,-3.88992140156537,10.6459167785323
1,53,0.000284,0.001137,0.0,0,1,-81.3295371940548,46.5464298824443,81.3524018512017,-46.4548907445004
6,53,0.000206,0.001189,0.0,0,1,146.939257737897,-31.1268597876301,-146.896619611355,31.3729604306312
11,53,0.003509,0.02021,0.00672,203,1,-31.1469568477602,12.7514824692152,31.1836219511459,-13.2738857753618
44,53,0.000608,0.006075,0.10745,1178,1,-30.1783104462262,20.4138469687615,30.1872206493009,-32.0530268623423
50,53,0.002652,0.017983,0.01303,182,1,9.35176611330532,-58.6243283619301,-9.26640204698327,57.7961034429543
44,54,0.000403,0.028653,0.0,527,1,-9.89849740154069,-47.3740257892851,9.90746121195546,48.0113460369634
46,54,0.002909,0.113518,0.0,117,1,-8.82417237177315,-14.652844931163,8.83230648250432,14.9702625942708
48,54,0.000482,0.00549,0.17137,1268,1,26.4839308496291,27.021058905959,-26.4749538496916,-45.4710494106656
3,55,0.000438,0.03411,0.0,322,1,83.1360972558164,-63.4014520975178,-83.088891347761,67.0776930193661
47,57,0.000244,0.001044,0.0,0,1,-111.399737687983,-22.0815696462184,111.429539452031,22.2090821120653
55,57,0.000217,0.001126,0.0,0,1,120.269818868496,24.1432317407682,-120.238956673175,-23.9830896581348
6,58,0.004835,0.022985,0.03484,199,1,8.36076474083595,15.9584123065599,-8.34351865760625,-19.6581570352042
54,58,0.000298,0.001126,0.0,0,1,-8.34226139173568,-19.6534064265472,8.34351865761445,19.6581570352033
4,59,0.001017,0.006045,0.01139,264,1,135.072901048926,-2.7489878652999,-134.902554891744,2.52194293616155
9,59,0.000261,0.001083,0.0,0,1,2.64186517559706,-19.8450727030094,-2.64090250648949,19.8490672265477
23,59,0.000694,0.003991,0.00161,183,1,-76.4410356870408,24.6387421927816,76.4822080171649,-24.5770653400626
56,59,0.000292,0.001171,0.0,0,1,-61.0512213335525,-2.1658399594147,61.0612493810805,2.20605517741223
2,60,0.001284,0.016455,0.3773,1337,1,41.1939344769868,0.907936800444645,-41.1686840290306,-42.0279545543037
52,60,0.000246,0.001017,0.0,0,1,-22.480443288829,-16.4949385300816,22.4821916433128,16.502166483374
55,60,0.002696,0.018008,0.00961,205,1,-189.640229513388,-69.3858494168635,190.67749703718,75.2800776707942
56,60,0.01727,0.065236,0.00576,130,1,-11.8654687538097,-3.00497495032106,11.8889953485563,2.465707685653
62,66,0.000217,0.001043,0.0,0,1,-394.180188207403,25.9512847831731,394.501197881783,-24.4083673159872
65,69,0.00028,0.001044,0.0,0,1,7.29670555384653,-17.3768264519845,-7.29576140564513,17.3803467759926
71,72,0.000286,0.001119,0.0,0,1,49.4050042128756,-0.7077349603394,-49.3985394937769,0.733028738911079
63,73,0.001542,0.008768,0.01319,246,1,-30.1130456137115,1.33650374800892,30.1263284385496,-2.65619922172517
65,74,0.000269,0.001057,0.0,0,1,-12.3741376275705,-3.65594228458011,12.3745627773543,3.65761285454861
70,74,0.000549,0.033795,0.0,300,1,-0.395152440519935,-21.2904964692875,0.397548203586429,21.4379733596935
66,75,0.019258,0.051589,0.01596,73,1,32.3200113550903,-27.139332985853,-32.0034290606795,26.2897823653491
68,75,0.001572,0.017009,0.36767,1294,1,-31.9877609347343,-12.9511514474882,32.0034290606793,-26.2897823653487
72,76,0.002674,0.012732,0.00235,217,1,49.3985394937692,-0.733028738925489,-49.3381008382297,0.767338325971044
73,76,0.020768,0.082371,0.01878,147,1,-48.8688379936174,0.623389849409305,49.3381008382358,-0.767338325967868
73,78,0.006463,0.228159,0.0,75,1,18.59850480331,1.11830293675479,-18.5772997268544,-0.369714194832798
70,80,0.010447,0.396249,0.0,150,1,0.122939736026287,1.91664752116441,-0.122577976839295,-1.90292619292795
68,81,0.005374,0.027748,0.00494,138,1,31.9877609347348,12.9511514474904,-31.9277401670587,-13.1684330659419
78,82,0.007507,0.032058,0.00434,95,1,-61.3010451467951,5.9297104846406,61.5718343740704,-5.2312432640282
81,82,0.013548,0.032875,0.00392,61,1,10.0821316914957,1.61952866077895,-10.0687361730407,-2.00249951021842
69,83,0.049989,0.10879,0.00484,48,1,2.24250897325216,-4.26582721098905,-2.23249147188727,3.77605903256583
81,83,0.005854,0.034651,0.01978,218,1,-2.23180551863487,1.68139657991476,2.23249147188971,-3.77605903256665
78,84,0.002248,0.011411,0.00891,173,1,13.3692769438095,-3.67380582447709,-13.3652391056817,2.7566612032694
79,87,0.003257,0.01409,0.00177,145,1,-4.40024663861997,-0.975517881007421,4.40085553182089,0.787452063643982
66,88,0.022444,0.064624,0.00315,46,1,-45.5565247599285,1.35559896361018,45.9980832703598,-0.41992183904508
87,88,0.000138,0.010222,0.0,1150,1,129.909835276628,9.73050449027136,-129.888102872497,-8.12073177270158
84,89,0.047022,0.117125,0.00445,66,1,-20.8972015779824,10.0677226622261,21.1397353146504,-9.93111616034325
81,90,0.037509,0.117373,0.01703,81,1,10.33008783285,-1.16101096591548,-10.2923697492771,-0.523333475250691
81,91,0.001521,0.010867,0.01303,282,1,13.7473261613476,11.0285187911641,-13.7426514285581,-12.3767776776717
82,91,0.000285,0.001184,0.0,0,1,-148.847328122992,-4.54854631227877,148.907069698877,4.79673587665792
82,92,0.004784,0.163075,0.0,117,1,2.88859200948603,-6.2226542766152,-2.88643700100275,6.29611330847336
89,92,0.000275,0.017113,0.0,524,1,76.0056853967504,30.0164303271818,-75.9886100525484,-28.9538471805307
86,93,0.01961,0.079624,0.00672,122,1,2.4540916174209402e-14,0.105063114299359,3.91652444875663e-05,-0.810683158058005
85,94,0.077027,1.666302,0.0,8,1,2.07754437892437,0.468891999197084,-2.07431428435165,-0.399016331616784
92,94,0.000259,0.001147,0.0,0,1,78.875047053545,22.6577338720371,-78.8586683531184,-22.5851996272904
93,95,0.004743,0.021854,0.00146,114,1,-24.5274578280197,4.81309442045442,24.5557154575912,-4.83619532293767
95,96,0.002143,0.163902,0.0,150,1,-7.31356931765603,-1.30276553255466,7.31469549746593,1.38889858117935
93,97,0.010857,0.031448,0.00133,64,1,-18.2406864500867,-14.0243151006075,18.2952299450532,14.0418161599065
94,97,0.000618,0.00727,0.12805,1060,1,17.3845137260698,0.951411982550527,-17.3824083034145,-14.5430456349952
89,98,0.002229,0.014225,0.01012,248,1,8.49539972225811,-10.2728944728054,-8.49184858406542,9.23300434531571
82,99,0.000274,0.001153,0.0,0,1,91.4016683574668,19.7625849688811,-91.3790195136388,-19.6672779727728
89,99,0.174607,0.483368,0.01218,50,1,1.32557019988859,-1.95830663329096,-1.31974552321603,0.692043722271603
90,99,0.00273,0.015804,0.00431,244,1,-51.1003365470857,2.10296698502728,51.1680570211705,-2.16603080380414
97,99,0.038519,0.645362,0.0,24,1,-0.912821641639305,0.501229475086835,0.913214725887692,-0.494643591842021
98,99,0.01733,0.073818,0.06349,162,1,8.49184858406483,-9.2330043453184,-8.474228314287,2.61582291588745
67,100,0.000216,0.001174,0.0,0,1,30.8793809190375,-9.03317270878105,-30.8772600249855,9.04470016071196
95,100,0.043195,0.084472,0.00718,48,1,-17.2421461399361,6.13896085549418,17.3818964026845,-6.6211526706066
99,100,0.015657,0.07138,0.0153,149,1,-16.667404196835,4.82855250647063,16.7132624742607,-6.23460759701661
94,101,0.001526,0.008046,0.0044,246,1,7.72508450563655,3.51197997404625,-7.72402738637984,-3.97439806602407
93,103,0.001657,0.009114,0.01081,216,1,-42.5228589727502,-10.6314852079606,42.5529951709429,9.66053790178224
102,103,0.001218,0.011114,0.06275,602,1,15.999269796111,23.9493814211239,-15.9877767334653,-30.4733020948164
99,104,0.007601,0.032029,0.00453,145,1,29.3025849212233,-4.81954616637619,-29.2393288534053,4.60760975939279
101,104,0.02211,0.093773,0.01555,142,1,5.2900965785062,2.02606661602481,-5.28258452710016,-3.64152664709312
104,105,0.005105,0.035445,0.01303,220,1,34.5219133805057,-0.966083112300067,-34.4642714360781,-0.0069941775408768
69,106,0.000127,0.008695,0.0,640,1,5.05325243238639,-13.1145195650199,-5.05301435986221,13.1308190972852
70,106,0.000462,0.033261,0.0,512,1,2.26483316146544,13.9011318793656,-2.26397280124613,-13.8391915303304
96,106,0.004428,0.022844,0.00656,181,1,-7.31469549746478,-1.38889858117939,7.3169871611073,0.708372433045733
67,107,0.00262,0.022716,0.04885,438,1,17.3580544115428,6.79856837372988,-17.3483827050508,-11.8520041942012
80,107,0.004824,0.020862,0.00835,141,1,0.122577976839201,1.9029261929286,-0.122325451054456,-2.77822175223801
107,108,0.000222,0.001145,0.0,0,1,-37.3189312098344,1.73361905808109,37.3218847463932,-1.71838572763152
102,109,0.016662,0.068231,0.00597,126,1,-12.0010268411856,9.09404971106915,12.037599402168,-9.57425979942133
103,109,0.062518,0.154741,0.00139,47,1,-5.93283446597989,3.10360150454285,5.95971995580291,-3.18328605021302
89,110,0.000292,0.002525,0.00652,526,1,63.4129138008427,-25.4908824708788,-63.3999568070706,24.918842363177
100,110,0.002386,0.068164,0.0,224,1,8.48726628070361,3.13423558874427,-8.48541376062752,-3.0813122113484
103,110,0.005548,0.02571,0.09955,155,1,-48.8836907803537,12.4651061848533,49.0260919363906,-22.2719852935322
107,110,0.004469,0.019605,0.00228,151,1,11.2538798180016,-4.16523281798327,-11.2477873561744,3.95270459660231
109,110,0.000127,0.009211,0.0,1284,1,-25.827302705045,6.95408181679047,25.8281672947852,-6.8913752333487
82,111,-0.008157,-0.293382,0.0,89,1,3.05396955500291,-1.75764160575601,-3.05492687630254,1.72320972669175
102,111,0.006369,0.1612,0.0,80,1,-10.2413213580513,-35.7813493155843,10.3364234744138,38.1883929892589
107,111,0.000216,0.001073,0.0,0,1,-52.078974712289,50.5323655339426,52.0898166751954,-50.4785070793194
89,112,-6e-06,-0.000289,0.0,583,1,-174.589935962082,16.04750252594,174.588177353269,-16.1322088504295
107,112,0.000282,0.001195,0.0,0,1,98.8158349118621,-13.0258672193083,-98.7891307683962,13.1390283946335
61,113,0.001418,0.040114,0.0,250,1,-1.52731581696418,-0.1331692299798,1.52734743193569,0.134063590323351
63,113,0.003969,0.024469,0.05594,316,1,30.1130456137136,-1.33650374800765,-30.0789131572599,-4.35996204615976
67,113,0.000204,0.001194,0.0,0,1,-11.8549510073827,-4.15605870926567,11.8552563873715,4.15784608037663
100,113,0.010826,0.0504,0.01313,150,1,-0.990980313444875,-0.547283602407686,0.991083308625325,-0.836577268606455
109,113,0.014785,0.082766,0.01363,129,1,-10.4528053873903,-0.919395824863218,10.4681835080462,-0.42923602742084
62,114,0.000221,0.001048,0.0,0,1,288.441768272144,-17.3093464990657,-288.266839920421,18.1388709904936
107,114,0.003004,0.089109,0.0,147,1,-25.188133130392,-1.64113834193287,25.2063773984115,2.18232625103769
108,114,0.004436,0.021992,0.03272,230,1,-97.880157543964,8.18143823964481,98.2893634456639,-9.59357102363485
111,114,0.003517,0.023055,0.02735,234,1,-93.7755094139448,1.32761939305194,94.0708193354834,-2.26653965740933
112,114,0.007818,0.032488,0.00424,134,1,-70.324479949911,9.57693923842427,70.7002797408572,-8.4610865605097
65,115,0.000136,0.009549,0.0,1480,1,5.20848114724347,7.4644034322867,-5.20837418699877,-7.45689340745902
107,115,0.005472,0.121524,0.0,104,1,0.269337019533039,-1.19263844814242,-0.269259043450034,1.19437016698583
112,115,0.004521,0.0204,0.00319,171,1,-5.47456663495095,-6.58375878261221,5.47763323044288,6.26252324047345
64,116,0.002337,0.008993,0.00086,147,1,7.2604466083686,-1.01739943740618,-7.25925712651037,0.931318265586358
109,116,0.009057,0.049397,0.01673,137,1,-25.3690613451767,0.671934784954517,25.4247370183397,-2.12907207692078
65,117,0.000295,0.001002,0.0,0,1,-7.67687677550748,12.1767455366586,7.67745706097198,-12.1747745331487
108,117,0.00024,0.016162,0.0,590,1,1.21315523942171,-12.3358216032461,-1.21280378413234,12.3594891881912
116,117,0.003142,0.119,0.0,96,1,6.46590108281018,0.23197401645584,-6.46465327681395,-0.184714655045294
62,118,0.028018,0.072814,0.00473,60,1,29.1863077587944,-6.45916832413192,-28.9498175755033,6.57640800243503
116,118,0.017397,0.065681,0.01277,170,1,8.84636967019584,1.56986468945496,-8.83262338443266,-2.86021067289202
61,119,0.000504,0.003189,0.00326,256,1,-9.03677024262637,-2.0761165309785,9.03717799430325,1.73498688677773
62,119,0.00123,0.066529,0.0,253,1,33.0928316480252,0.0833609108964763,-33.0800623743586,0.607311453138713
70,119,0.02303,0.096905,0.01104,136,1,-1.99262045697405,5.47271706875724,2.0014203840838,-6.60573650907374
77,119,0.014972,0.055208,0.00412,147,1,-28.321492769987,3.41356989643183,28.4377771165323,-3.41823266478412
100,119,0.000202,0.001017,0.0,0,1,-18.5338121518781,-2.7532721435711,18.5344848137539,2.75665876301486
116,119,0.002832,0.018807,0.00938,276,1,22.7027951906942,-4.78107668666527,-22.6884538385011,3.88742206001139
62,120,0.001448,0.012503,0.02675,611,1,133.45928047021,-13.2461271410067,-133.212870315166,12.5528015705496
64,120,0.000236,0.001182,0.0,0,1,-7.26044660836856,1.01739943739151,7.26056692909509,-1.01679681409168
67,120,0.00081,0.008309,0.01952,511,1,-59.0918535837807,4.63579824055264,59.118929399277,-6.41593079509199
116,120,0.000203,0.001171,0.0,0,1,-64.577216956616,3.77629765321339,64.5852755901183,-3.72981164419244
119,120,0.093128,0.179267,0.00345,54,1,-2.24234409582441,1.03759001087164,2.24809839667904,-1.39026231716193
123,125,0.000272,0.001105,0.0,0,1,81.5443407738349,-31.8105661555451,-81.5251660406601,31.8884635090679
124,127,0.000218,0.001124,0.0,0,1,90.4479086499308,5.17999692336875,-90.4314045036332,-5.0949021507149
122,128,0.01796,0.064759,0.0141,132,1,34.4223081529204,-4.01974419316719,-34.2256943122493,3.19434987982178
126,128,0.000207,0.001069,0.0,0,1,-25.0899171919395,-3.65264963376611,25.0911445784782,3.65898816618094
125,129,0.000522,0.005481,0.13018,1259,1,63.7076685657159,-23.690308855655,-63.6868534066519,9.74999030020221
128,129,0.001573,0.013022,0.04853,508,1,-20.0615549665201,-15.0508509615149,20.0696308957591,9.84596435402037
124,130,0.000322,0.002157,0.00192,282,1,-60.4642361116646,-46.6797893548405,60.481537687602,46.5873043486846
121,131,0.000294,0.001131,0.0,0,1,-7.11221120348313,51.9824176340726,7.11964582991164,-51.9538170813833
125,132,0.003658,0.018607,0.00432,190,1,17.8174974749624,-8.19815465337137,-17.8046807066526,7.79338044204398
129,132,0.000214,0.003114,0.4201,2268,1,0.316926753088774,-30.9758112558324,-0.316796968548925,-14.7491246925797
126,133,0.009361,0.030954,0.00553,153,1,-5.92729862271605,-2.35155236276911,5.930695581684,1.76258216578394
128,133,0.014061,0.03739,0.00167,74,1,-4.20667119961885,-1.44893846410481,4.20920516926946,1.27440664593889
127,134,0.004093,0.139781,0.0,68,1,-3.56481803218795,-40.40725304948,3.63415783619807,42.7752929088347
130,134,0.000228,0.001017,0.0,0,1,-140.767739478551,-32.9756530150641,140.811602544339,33.1713053743017
131,134,0.000231,0.001192,0.0,0,1,-46.5173124684001,-8.34498275143067,46.5220570126598,8.36946542137694
126,136,0.000218,0.014556,0.0,461,1,-0.182218632164091,-0.264135912215369,0.182218839215103,0.264149737144391
128,136,0.044626,0.122998,0.00531,49,1,0.182232736924645,-0.311573078927674,-0.182218839214985,-0.264149737142451
135,137,0.026286,0.072287,0.01016,58,1,7.38357392431455,4.35485808929854,-7.36427799246986,-5.3828543217708
130,138,0.004891,0.162907,0.0,96,1,6.98831217211728,2.58322972892616,-6.98581342574039,-2.50000272503732
135,138,0.030731,0.072084,0.00268,51,1,-6.96990152551032,-2.75038585592284,6.98581342573528,2.50000272503959
132,139,0.0274,0.061738,0.00254,61,1,18.1214776751861,6.95574425053628,-18.0261669468381,-7.01517216339314
135,139,0.000294,0.001146,0.0,0,1,-17.062370182399,-26.1545376546842,17.0650509242469,26.1649870769893
129,140,0.000703,0.003456,0.00143,247,1,3.81298807712924,4.7047860729099,-3.81274639225528,-4.85918630072822
133,140,0.003296,0.010224,0.00017,97,1,-10.1399007509532,-3.0369888117236,10.143297762011,3.02904384217392
134,140,0.017372,0.08281,0.00985,137,1,8.78590955407958,-2.34054421013527,-8.77306248162494,1.33025838477036
134,141,0.001431,0.062445,0.0,180,1,34.3945530925424,3.35304109458935,-34.3784485506117,-2.65028210027324
137,141,0.003578,0.014856,0.00191,171,1,7.36427799246873,5.38285432177055,-7.36142842969752,-5.57300507684091
131,142,0.000732,0.003682,0.00206,232,1,39.3976666384862,60.2987998327963,-39.3626521129727,-60.3461695158559
142,143,0.018955,0.064518,0.07525,151,1,27.3280167820258,10.1013645043543,-27.1620541744519,-17.5753474761345
141,144,0.00616,0.190848,0.0,63,1,8.56182580990628,1.17605170511148,-8.55747075043386,-1.041124044366
144,145,0.000138,0.008935,0.0,784,1,8.55747075043409,11.1119516452623,-8.55721572013032,-11.095439357101
143,146,0.000271,0.001029,0.0,0,1,-7.84747503386035,4.76482961933837,7.8476917142221,-4.76400687361055
146,147,0.000288,0.001018,0.0,0,1,-19.4494253395383,10.1348161034614,19.4507394988548,-10.1301709153217
147,148,0.070063,0.332001,0.06884,143,1,-0.757272163426763,-5.28833253855216,0.759486006242919,-1.9987272747588
142,149,0.000201,0.001173,0.0,0,1,32.648485559471,2.76072936729452,-32.6464920324423,-2.74909550060465
148,149,0.011208,0.044005,0.00508,127,1,-31.9652008817571,-10.1593907523845,32.0828970812877,10.0758087723983
141,150,0.054928,0.260415,0.02149,116,1,-8.64760405685917,-3.0789785600397,8.6884506618004,0.980731549390054
147,150,0.003653,0.108227,0.0,83,1,-15.0763099377832,-9.74777623798122,15.0874807133409,10.0787314874424
148,151,0.000211,0.001156,0.0,0,1,-28.5020535071937,-29.7067308035362,28.5054078163418,29.7251079664518
150,152,0.00021,0.01366,0.0,1249,1,-23.7759313751397,-11.0594630368301,23.7772726449814,11.146709446535
148,153,0.001822,0.011221,0.00822,272,1,42.2897779071302,38.6157590428861,-42.2331486696841,-39.139145586621
153,154,0.000261,0.001073,0.0,0,1,22.1074455145174,14.1893522995012,-22.1057397170514,-14.1823395765854
147,155,0.048391,0.11623,0.00354,62,1,-43.9883329883561,10.4919374797574,44.9290553778248,-8.60923064601387
146,156,0.000224,0.001154,0.0,0,1,11.6017336253162,-5.37080922985081,-11.6013862994611,5.37259857822944
154,156,0.002893,0.020298,0.01144,174,1,-11.5970683568599,4.19618633527163,11.6013862994696,-5.37259857822151
152,157,0.000244,0.001014,0.0,0,1,-23.7772726449677,-11.146709446548,23.7788310727838,11.1531858637838
148,158,0.029175,0.084903,0.00664,130,1,17.4179904755982,3.24908978780273,-17.3314156807075,-3.69973389850317
139,160,0.005358,0.17538,0.0,59,1,0.961116022602934,-19.1498149135954,-0.941303603319189,19.7983222099716
151,160,0.006539,0.028527,0.03087,246,1,17.792409152984,2.22147142300189,-17.7720903707698,-5.4195243186231
142,161,0.000232,0.001161,0.0,0,1,-29.0095218788143,46.4934620791259,29.0159587845424,-46.4612498052021
151,161,0.0002,0.01939,0.0,994,1,-70.0260407400883,-36.1777569647978,70.0376861185408,37.3067764057694
161,162,0.000228,0.001017,0.0,0,1,-99.0536449030645,9.15447339942217,99.074506826742,-9.06141823986076
157,163,0.000266,0.001121,0.0,0,1,-73.374390843227,-24.0639890981584,73.3890765398058,24.1258788194551
157,164,0.013304,0.273766,0.0,46,1,0.0,0.0,0.0,0.0
157,166,0.000298,0.001033,0.0,0,1,49.5955597704304,12.9108032343282,-49.588313148587,-12.8856832331061
159,166,0.001069,0.00579,0.00226,199,1,-33.8488440622492,-10.3301563555244,33.8612441405719,10.1535706753574
155,167,0.03375,0.08251,0.0108,98,1,36.6071511875867,-18.988141516262,-36.0799693069983,19.1124029756728
162,167,0.003534,0.033239,0.16303,564,1,-13.1514150954086,-7.41284276969569,13.1571301138537,-10.169091686992
163,167,0.000202,0.001067,0.0,0,1,-32.1328406415779,-30.1507450966006,32.1364688417214,30.1699098963687
165,167,0.00059,0.00713,0.47354,2295,1,9.19058040543794,-11.8750656166379,-9.18908590389138,-39.3812296431316
158,168,0.008453,0.225555,0.0,221,1,-16.5046606882172,-6.63187298854299,16.5301289748934,7.31145413148035
163,168,0.013235,0.067313,0.07967,235,1,-6.32994690174078,-5.54170485339901,6.33503960247922,-3.0579206782123
162,169,0.007801,0.038383,0.01789,238,1,-11.1371695069857,2.38060868814589,11.1469229121405,-4.26712108428554
163,169,0.000271,0.001051,0.0,0,1,-34.9262889964536,11.5665711305673,34.9296825342864,-11.5534102144704
167,169,0.015717,0.065222,0.00688,134,1,-0.0245437446631744,0.268008458080258,0.0246033682128092,-1.01172167831007
160,170,0.000734,0.038205,0.0,244,1,-16.7601094157689,-22.5349336387748,16.7656955178857,22.825692537105
162,170,0.031576,0.073773,0.00335,54,1,21.6805774289322,9.60736440299218,-21.5154016015646,-9.57917987858893
165,170,0.002622,0.070007,0.0,157,1,26.2736844982632,20.7218468339447,-26.2465965680625,-19.9986032299925
162,171,0.041205,0.223111,0.06437,129,1,-18.5947789209918,-1.03259524762371,18.7287707538868,-5.22456905555366
122,172,0.004489,0.014369,0.00165,124,1,35.535322612206,8.39788505038799,-35.4804518255439,-8.401966515582
165,172,0.001318,0.009549,0.00518,216,1,-35.4642649037,-8.84678121731313,35.4804518255397,8.40196651558085
123,173,0.000262,0.001,0.0,0,1,-69.5291816227098,30.1163368743635,69.5430225235752,-30.0635090084652
130,173,0.000213,0.001031,0.0,0,1,73.2978896187835,-16.1948810625142,-73.2868432666473,16.2483495557178
149,173,0.00075,0.02962,0.0,406,1,0.563594951143825,-7.32671327178414,-0.563220731823844,7.34149244012792
122,174,0.000658,0.007962,0.16914,1046,1,-69.9576307651201,-4.37814085721476,69.9872625775992,-13.7350330538388
171,174,0.001545,0.018027,0.32347,1140,1,131.637664252359,-39.5288223835156,-131.384716398667,7.22209113940586
123,176,0.014569,0.062657,0.00413,122,1,-15.7839158641999,5.56832099651472,15.8218115436753,-5.85366164804631
168,176,0.0001,-0.001641,0.0,175,1,-22.8651685773679,-4.25353345325933,22.8656674160922,4.24534750979342
174,176,0.007355,0.021512,0.00143,61,1,50.3064066526475,1.46310722749268,-50.1358217787357,-1.11979286241786
173,177,0.002138,0.076264,0.0,138,1,-2.89660869048024,5.38645461250803,2.8973446876291,-5.36020106406976
121,178,0.001022,0.042227,0.0,274,1,5.92281413891863,-69.0043517946571,-5.87492204708156,70.9831574326259
127,178,0.000261,0.001022,0.0,0,1,63.2702709729831,34.6034617615526,-63.2577450565261,-34.5544139201
173,178,0.022651,0.030447,0.00157,67,1,7.20365016545242,1.08721240013577,-7.19254573951022,-1.24256377663138
175,178,0.00729,0.032293,0.00444,137,1,8.18566737089337,-7.76357578829282,-8.17731480236007,7.32072406307397
177,178,-6.8e-05,-0.004984,0.0,630,1,-84.5081478067097,42.0949790257155,84.5025276452737,-42.5069037991946
124,179,0.001371,0.008511,0.00448,280,1,-18.810683927868,32.974834201253,18.8291124594626,-33.3449749718277
175,179,0.000222,0.001151,0.0,0,1,-35.9426217201994,2.73119882295091,35.9452952723262,-2.71733729818542
177,179,0.000285,0.001069,0.0,0,1,48.7843745140444,-37.3048050269036,-48.7744077920594,37.3421889770856
121,180,0.004225,0.020085,0.002,153,1,1.18939706452579,17.0219341605857,-1.17795210446521,-17.1845432392901
123,180,-0.001308,-0.068496,0.0,155,1,3.76875671305165,-3.87409171538926,-3.76910829250763,3.85568056369427
124,180,0.00261,0.017837,0.0043,195,1,-11.1729886104784,8.52495823029203,11.1778405695651,-8.957431650145
134,180,0.007805,0.246784,0.0,58,1,-0.336706297911836,-14.123871281459,0.352120985884837,14.611263767907
162,180,0.000438,0.002934,0.00557,264,1,7.55071437170053,0.959078355491626,-7.5504770909093,-1.55997800383475
177,180,0.006717,0.016115,0.00054,64,1,-0.962187801644181,-9.28040393209583,0.967575932386835,9.23500856165434
181,183,0.012799,0.056017,0.0078,146,1,1.8568923010219999e-13,-4.90439925587063e-15,2.12873259022904e-05,-0.852644766792556
185,188,0.002877,0.014358,0.0108,125,1,-4.84397124593708,-5.52514503795962,4.84526911144592,4.38215212342577
183,189,0.000166,0.012938,0.0,1296,1,-7.73921732270652,3.93988352898284,7.73933186291764,-3.93095629252785
187,190,0.000244,0.001029,0.0,0,1,-39.3205202964566,51.6432884352797,39.3301641923913,-51.6026180708666
189,190,0.000233,0.015293,0.0,739,1,-18.9474864210121,-123.6082828757,18.9829705355528,125.93728958673
183,192,0.000634,0.028708,0.0,353,1,-9.36230969279235,-99.1689434768819,9.42426013288485,101.974106306812
187,192,0.002678,0.013671,0.00724,212,1,2.09227609920897,-27.552052261704,-2.0736254660488,26.8728514877965
189,192,0.001523,0.007226,0.00483,180,1,11.2081545582184,127.539239168223,-10.9786043663747,-126.973042846626
191,192,0.011226,0.22882,0.0,66,1,-3.62622572857467,1.90946238018088,3.62796969970431,-1.87391494798025
184,193,0.005238,0.024128,0.00205,89,1,-25.1454231048382,7.95084424843478,25.1792170158188,-8.01661235896644
191,193,0.003037,0.012761,0.0067,188,1,-76.8729035064059,24.5180423709549,77.056293610987,-24.4712985046315
190,194,0.003172,0.091788,0.0,311,1,16.2057003315447,-10.5519630846903,-16.1945630104874,10.8742431682985
185,195,-0.004575,-0.141394,0.0,100,1,4.84397124574298,5.52514503792972,-4.84629391897519,-5.59692909454076
193,195,0.003831,0.018478,0.00378,130,1,-8.22309600952353,1.28047493674214,8.22557380124846,-1.67661296384619
187,196,0.003915,0.02683,0.02027,278,1,12.8268136078576,-1.26507944063199,-12.8207697121137,-0.853303542114362
188,196,0.000294,0.001191,0.0,0,1,0.235452262924993,4.34762473124076,-0.235399938745099,-4.34741276492017
190,198,0.009367,0.034978,0.00439,123,1,20.5652093627463,-26.3016706958488,-20.4682529247919,26.19295994742
193,198,0.00376,0.017636,0.00824,228,1,55.1670495565524,-12.0862290076043,-55.0563305983065,11.7159694561219
197,198,0.00023,0.001163,0.0,0,1,-75.5093702728585,37.9858555415312,75.5245835245418,-37.9089294036718
197,199,0.006397,0.251244,0.0,218,1,0.990849627112574,-0.112348222452227,-0.990790735074256,0.114661224058484
193,200,0.006956,0.186862,0.0,58,1,5.95518971756861,0.225947315108855,-5.95290133232812,-0.164473444664785
199,200,0.004892,0.020381,0.00222,137,1,-10.1787930267184,8.69552079214978,10.1870016702037,-8.90092577113131
191,201,0.002727,0.011292,0.0037,158,1,58.2068240226751,-14.485697542582,-58.1162183952742,14.4608405201685
197,203,0.000375,0.023313,0.0,544,1,20.3275006244368,-29.2735836381327,-20.3230909841563,29.5477221550899
204,205,0.015558,0.046482,0.00206,68,1,18.1180717728137,4.91517121775983,-18.0680292730327,-4.99103597980762
197,206,0.001343,0.036992,0.0,182,1,26.690749755288,-11.6558952742386,-26.68020297616,11.946398962625
199,206,0.01075,0.059349,0.00859,154,1,11.1695837618154,-8.81018201620444,-11.1502427113865,7.98548139408562
203,206,0.011525,0.043767,0.00368,122,1,12.7359330446893,2.81796842972145,-12.7178801609949,-3.15087540898311
205,207,0.000247,0.001074,0.0,0,1,10.4909904882212,48.2859011864616,-10.4854522988033,-48.2618201523125
203,208,0.00371,0.017765,0.00941,220,1,10.4273997340466,7.40416279224934,-10.4215843582927,-8.40381042278025
207,209,0.007915,0.220821,0.0,54,1,0.158672129720568,0.0089518318030232,-0.158670292061082,-0.0089005628446755
207,210,0.000275,0.001183,0.0,0,1,18.5903755888237,-1.62028286119804,-18.58949529367,1.62406973089555
208,210,0.002462,0.011996,0.00859,281,1,12.0418907101309,6.8427826221429,-12.0374086329014,-7.75635533338222
184,211,0.000214,0.001169,0.0,0,1,14.5932316823722,-8.56762841025647,-14.5926646593451,8.57072583978269
202,211,0.00108,0.006818,0.00552,247,1,-14.5898532538539,7.99158519575984,14.5926646594217,-8.57072583979376
194,212,0.034456,0.077694,0.00487,81,1,3.00345056344195,-3.18154622750335,-2.99787601085695,2.66573575012264
202,212,0.018409,0.068974,0.01737,121,1,14.5898532540845,-7.99158519573379,-14.5451642783192,6.27617189363317
208,212,0.039274,0.076894,0.00187,66,1,2.67969354913266,1.08105391802011,-2.67660235804499,-1.27848894319119
203,213,0.000224,0.013901,0.0,787,1,-17.7832417289704,-44.3755034324838,17.788159428829,44.6806862259401
206,213,0.004758,0.127092,0.0,118,1,-6.05033382574615,-6.70201199514831,6.05407890946485,6.80204776227223
209,214,0.001703,0.009524,0.00681,219,1,0.158670292061788,0.0089005628465941,-0.158667645662383,-0.749638293615338
210,214,3.8e-05,0.000465,0.00721,1265,1,29.2964871645897,5.6377612181822,-29.2961746343722,-6.41819930291967
191,215,0.010932,0.047797,0.00928,161,1,13.0215353604652,-12.9707162435332,-12.9886688474509,12.1068783242709
205,215,8.6e-05,0.001365,0.14843,2969,1,-34.3647988529832,-55.2077783681539,34.3674854865089,39.0773759422534
206,215,0.00092,0.005551,0.00387,243,1,-56.4498500982325,-9.85432839578813,56.4775777837842,9.60010019244909
212,215,0.001903,0.011196,0.0052,246,1,-11.4930282330057,-16.4967614048699,11.4999484097565,15.9715881581119
207,216,0.015629,0.087759,0.00982,144,1,-25.001480404438,0.95821726524651,25.0916043011368,-1.5231996031912
213,217,0.026524,0.100829,0.00915,96,1,-23.8422383381971,-14.0325776418164,24.0315936153766,13.7698326237817
215,217,0.000393,0.026696,0.0,439,1,-94.7441595842657,-78.5270072919106,94.800809578826,82.3751707900849
216,218,0.001304,0.061149,0.0,198,1,4.86577413640919,-14.9299780406295,-4.86272236435978,15.0730860230295
190,219,0.006107,0.028381,0.00486,131,1,-88.602940289342,-8.94359755298531,89.0573935534776,10.5339582980143
200,219,0.006533,0.042202,0.0158,166,1,-82.3694498911952,9.16714909148414,82.7867070862634,-8.1777267458165
216,219,0.014347,0.062028,0.00961,139,1,-29.9573784374929,16.4531776438185,30.1129476810821,-16.8256614484945
218,223,0.00241,0.013752,0.00541,154,1,-1.33590985889963,-2.25087497877239,1.3360364468907,1.67156955420225
220,224,0.032799,0.129398,0.03059,126,1,-3.01765649435699,0.237034780615514,3.02150663348034,-3.5193560599813
217,225,0.00024,0.001083,0.0,0,1,-156.255205914046,-133.336368174105,156.347752754617,133.753985792183
224,225,-0.000457,-0.007801,0.0,196,1,146.98784074697,126.744297981945,-147.147752899546,-129.474001925586
195,226,0.005076,0.030607,0.02671,175,1,-3.37927987984362,7.27354205817557,3.38338799619774,-10.1258404567107
217,226,0.0037,0.025048,0.01076,226,1,21.3760695016766,35.5001175030399,-21.316578965639,-36.2642373189351
219,226,0.005381,0.024719,0.02977,229,1,84.9629514877529,-5.45732267106387,-84.6030392654936,3.90127121235089
222,226,0.000222,0.001145,0.0,0,1,152.153054594449,32.0634718542807,-152.103172367458,-31.8061964042575
220,227,0.003576,0.024145,0.00695,213,1,-38.4283785078421,5.53887241714721,38.4784603019231,-5.95090595237387
186,228,0.006385,0.027227,0.0034,147,1,-15.8681484743638,2.57167097040112,15.8835433294472,-2.87188856989513
222,228,0.002156,0.011522,0.02322,287,1,17.2269128555583,-5.66829844800186,-17.2205756024966,3.20321760844311
223,228,0.04781,0.195318,0.01868,129,1,-1.33603644688479,-1.671569554201,1.33703227325264,-0.331329038559247
220,229,0.000228,0.001041,0.0,0,1,41.4460350037914,-5.77590719781803,-41.4423361529693,5.79279537196643
204,230,0.000417,0.024121,0.0,521,1,-49.4204809938718,-198.002800960107,49.598849503425,208.320371269296
218,230,0.000271,0.001063,0.0,0,1,-48.8606449519339,1.05482587361727,48.8666838936749,-1.03113806892854
221,230,0.004564,0.02972,0.10932,323,1,1.08355645695436e-13,7.34689814130446e-13,0.0014666434464594,-11.7295219184255
222,230,0.006646,0.025275,0.00714,191,1,16.66861438981,3.15159026470318,-16.6506821360102,-3.8502813454806
226,230,0.000224,0.001017,0.0,0,1,243.087565824256,73.5104518970169,-242.95313280797,-72.9001019971837
222,231,0.004603,0.147024,0.0,135,1,3.85632012511472,0.56307908368439,-3.85567042870908,-0.542327190496577
224,231,0.010308,0.151673,0.0,89,1,-0.905730843335928,0.86778389324071,0.905881499782664,-0.865567118381793
222,232,0.004484,0.021856,0.00266,149,1,1.41509803596801,-8.45590285985172,-1.41213507032157,8.18364480125529
227,233,0.00027,0.001089,0.0,0,1,-133.789871487753,14.106460085175,133.835143906354,-13.9238613301521
232,233,0.000269,0.001149,0.0,0,1,-2.44461738597973,-9.47753056164258,2.44485609215284,9.47855016533369
183,234,0.005365,0.026246,0.00452,155,1,-5.75100779774432,29.6353684263262,5.79646150554534,-29.9036562597193
224,234,0.000231,0.001125,0.0,0,1,-127.132980588519,-39.5565640643522,127.171020088819,39.7418213710094
190,235,0.003742,0.021984,0.00554,227,1,-15.4871189799615,-29.8638394897329,15.5262630317907,29.4998098228393
193,235,0.000209,0.001099,0.0,0,1,-160.061560517732,42.1321169202551,160.114596221975,-41.8532353941185
227,235,0.000205,0.001028,0.0,0,1,67.2794713888156,-9.31674206831469,-67.270709649877,9.36067898357785
183,236,0.001285,0.013068,0.05793,656,1,-7.17450049841088,56.7713500566535,7.21734049206604,-62.6228439359265
186,236,0.000221,0.001092,0.0,0,1,36.1702566318804,-89.3228525808408,-36.1511787661537,89.4171196820785
227,236,0.003465,0.019599,0.00979,217,1,25.5890994627162,-0.405617728619931,-25.5680788553261,-0.531325861760607
229,236,0.00171,0.00755,0.00351,187,1,-59.3926424611771,25.0239150993975,59.4585998071851,-25.1112421839658
234,236,0.004991,0.027989,0.02407,218,1,4.95782157957141,-1.43616820310939,-4.95668267324561,-1.15170770071778
182,237,0.001663,0.012155,0.0126,299,1,-161.327961232733,42.0109277260008,161.757374496434,-40.2283373457682
186,237,0.000286,0.001163,0.0,0,1,-20.3021081562679,86.751181610293,20.3232110812892,-86.6653679676361
230,237,0.000258,0.001113,0.0,0,1,161.13681490436,-118.809327939412,-161.040359224398,119.225433256457
231,237,0.000293,0.001027,0.0,0,1,42.1497887080224,-2.95182000450719,-42.1449185337574,2.96889054706757
182,238,0.000371,0.004638,0.07023,1092,1,82.1331741172382,-100.038511926814,-82.0781008865257,93.1232133243214
206,238,0.000576,0.004274,0.00581,255,1,113.048509772729,-0.224664556772362,-112.980861147665,0.0947789918569253
234,238,0.022978,0.069022,0.00946,73,1,30.704122187378,-16.7258082519626,-30.4471243090855,16.4737976821091
182,239,0.003256,0.019331,0.0062,143,1,-19.5713196590805,-18.1237293753986,19.5924371434838,17.5778858259021
187,239,0.018841,0.061522,0.01398,70,1,21.3866159195223,-23.8345271444212,-21.2115426832636,22.9014865368551
194,239,0.000355,0.019753,0.0,521,1,14.1911123726752,-7.7426624724967,-14.1902563082843,7.7902958243632
207,239,0.000274,0.001078,0.0,0,1,16.7378849847145,48.9149339163425,-16.7311528282193,-48.8884475488175
238,239,0.001821,0.016183,0.06113,489,1,-45.0699767796914,2.44223158416591,45.1045668970616,-8.77835996399834
188,240,0.013123,0.042701,0.00099,47,1,-16.4074219606163,-10.8663928172078,16.4549944383495,10.9150629707349
234,240,0.000201,0.001106,0.0,0,1,-196.693683209814,0.615595776226069,196.76582046101,-0.218661448747712
235,240,0.000295,0.001002,0.0,0,1,73.9298487560195,4.04033815349382,-73.9148652795212,-3.98944512484555
239,240,0.055672,0.113732,0.00728,74,1,-12.5640522206518,9.39713932572267,12.6940504228985,-9.91980447775421
241,245,0.000981,0.004626,0.00384,222,1,-27.9954651468275,-10.6441197015118,28.0037295556079,10.275869827706
242,248,0.007076,0.028735,0.01781,211,1,-38.3910587277524,0.952423883707159,38.4890371064989,-2.45892377989804
244,249,0.004631,0.021768,0.00367,130,1,-12.2892645164391,-0.139710985682874,12.2958194428962,-0.221275312378384
248,250,0.008545,0.251087,0.0,73,1,2.42201751863196,0.605259813282344,-2.42152049164328,-0.590655130367561
246,251,0.005383,0.023887,0.00302,161,1,160.897049233663,-5.75669106294631,-159.611257529647,11.136669093986
248,251,0.000219,0.001062,0.0,0,1,-86.2079764975498,-0.37974649462497,86.2231663125092,0.453406693195557
250,251,0.003698,0.014782,0.00193,169,1,-47.1990516376877,-0.995552393661738,47.2762096039223,1.09746719810852
243,253,-0.001049,-0.038316,0.0,108,1,0.0,0.0,0.0,0.0
244,253,0.017987,0.055892,0.00224,67,1,-1.23116605152472,-2.56550000261035,1.23243013196654,2.33006198632543
252,253,0.000282,0.001141,0.0,0,1,24.9855244035856,8.88925714464616,-24.9836717791704,-8.88176124231373
252,255,0.001565,0.017882,0.22002,1080,1,1.83897127818059,-28.9324788873291,-1.83461930113542,5.36140904316407
247,256,0.01507,0.037938,0.01171,81,1,-1.62275560820046,-0.224775215632149,1.62314997878958,-1.02436436210591
249,256,0.001494,0.043889,0.0,268,1,-1.54378494600212,0.576489994331212,1.54382292947563,-0.575374159880876
250,256,0.000256,0.00101,0.0,0,1,57.9901082522369,6.13642328549999,-57.9819579093922,-6.10426763599554
252,256,0.001822,0.011221,0.00822,272,1,-22.8134534004289,16.0590438523121,22.8269443427177,-16.8547589978833
254,256,0.000246,0.001041,0.0,0,1,-21.7447136984948,-44.9557059861839,21.7504653524349,44.9800453022472
255,256,0.004566,0.025089,0.01468,172,1,-10.2166009732432,18.96262125776,10.2375753059831,-20.4212801463757
254,257,0.006141,0.032165,0.00399,166,1,-9.86960258794471,-5.05703658929803,9.87656189449562,4.66703775761689
248,258,0.00211,0.012839,0.00988,193,1,37.5759527912268,3.89632243208046,-37.5477630849746,-4.78210798041926
249,258,0.003482,0.023715,0.00968,269,1,-10.7520344968942,-0.355214681952455,10.7558040043361,-0.653389429205845
250,258,8.8e-05,0.00652,0.0,1802,1,-19.9879122592746,-5.21690589740533,19.9882638445737,5.24295517183595
255,259,0.000261,0.001183,0.0,0,1,3.14245157478224,23.960716576302,-3.14103583052029,-23.9542996205094
257,259,0.003638,0.022282,0.01567,275,1,25.3856255657831,-16.2622207190353,-25.3556543677474,14.7636118380406
257,260,0.006267,0.205393,0.0,84,1,3.89183740575382,-3.22207486807949,-3.89034356892433,3.2710334811191
252,261,0.002149,0.065902,0.0,178,1,-4.01104228134745,3.98417789037174,4.01168389371189,-3.96450197690456
254,261,0.000253,0.001047,0.0,0,1,13.8060607640916,52.1173389176932,-13.7991658802206,-52.0888055445195
255,261,0.000588,0.036587,0.0,432,1,-9.7696136698306,-54.941491020339,9.78748198651828,56.0533075214481
254,264,0.009871,0.036929,0.004,123,1,10.0399205392649,-3.18150353332081,-10.0297767709667,2.79275738634761
257,264,0.003802,0.020801,0.01635,304,1,33.8046941861207,2.95430459324744,-33.7636048811444,-4.47716902467186
263,264,0.002154,0.009691,0.00174,129,1,-43.7545958039502,-1.69535095768724,43.7933816521104,1.68441163832172
257,265,0.008152,0.019073,0.01164,57,1,56.3433593878135,-8.62704137996179,-56.0968406638879,7.96070220285051
259,265,0.004844,0.028434,0.03297,220,1,21.0993688123618,14.194949487587,-21.0678484707312,-17.5393642069262
263,266,0.07286,0.17811,0.02332,98,1,-0.399231672006712,-3.97128395863213,0.404440930624999,1.48923377930763
266,267,0.050517,0.128969,0.0055,52,1,-0.973877407921115,-2.55058296907265,0.976712690349385,1.96471426411905
260,268,0.000484,0.005305,0.09912,1194,1,-36.0823397228926,-3.71066692702767,36.0881660961919,-6.96912835201468
263,270,0.000213,0.001004,0.0,0,1,-10.6802457153228,37.0417005384658,10.6832190356074,-37.0276854513029
266,270,0.000583,0.035472,0.0,552,1,-5.70887095770713,-106.669623179562,5.77629091350186,110.771716956495
262,272,0.007925,0.035149,0.00346,131,1,-10.3066924103141,-2.64512777451523,10.3150796489165,2.31464042338898
263,272,0.000281,0.001095,0.0,0,1,53.8306053885929,-1.39050240858103,-53.8229520231916,1.42032602108775
265,272,0.000216,0.001128,0.0,0,1,29.6837642717587,20.8088637008792,-29.6810988946559,-20.7949445093422
263,273,0.010496,0.048592,0.00564,114,1,-0.163254807054682,-7.58652453646298,0.168491455168964,7.00830196886665
266,273,0.001394,0.007968,0.01601,250,1,-3.8098396032269,19.934959629929,3.81563577297863,-21.6202921604339
267,273,0.002212,0.014148,0.00636,215,1,2.11253106852755,34.8065581110138,-2.08717536033254,-35.3292107704456
271,273,0.000215,0.014182,0.0,767,1,1.9019623852359,-49.610693250093,-1.89695186781494,49.9412009620132
266,274,5.4e-05,0.004212,0.0,1807,1,-8.81218511139435,61.2207875541608,8.81410687972601,-61.0708896242912
265,275,0.000356,0.010192,0.0,195,1,2.03203879470985,-22.604620049816,-2.03031690661016,22.6539163518159
271,275,0.002269,0.00897,0.00461,232,1,4.78443255165275,6.10071493492592,-4.78309388010868,-6.58880345245603
274,275,0.000257,0.001071,0.0,0,1,-22.0114887751554,17.7631185284068,22.0134106582014,-17.7551094360246
266,276,0.003902,0.031971,0.09733,577,1,2.41010863410575,10.4917549232466,-2.40092418414911,-20.8294726648067
274,276,0.016601,0.08088,0.00559,113,1,1.28195325384912,2.57970387950774,-1.28041230532806,-3.16881242638527
269,277,0.000298,0.001033,0.0,0,1,0.0,0.0,0.0,0.0
269,278,0.001638,0.043323,0.0,270,1,-45.9050434278711,-10.5604638807092,45.9395295852471,11.4725785302829
270,278,3.3e-05,0.000853,0.42773,4088,1,-31.3319922833538,-78.8783875775541,31.3332737868772,33.3826753313531
274,278,0.001136,0.0076,0.0048,220,1,-12.1140404082014,33.9111871817135,12.1279952425813,-34.3301669458725
248,279,0.010639,0.189883,0.0,59,1,8.1289339472105,-0.195774158730123,-8.12236909635588,0.312942461655965
271,279,0.000221,0.001147,0.0,0,1,16.452995336295,4.41104343084938,-16.4523965508307,-4.40793570719511
263,280,0.012037,0.054368,0.00383,135,1,-0.051421945729955,-0.878758586294045,0.0514737402456153,0.471093136045242
271,280,0.00113,0.006727,0.00717,247,1,3.0502293296838,40.2834193597909,-3.03268041418575,-40.9448133615078
276,280,0.016561,0.051479,0.00165,66,1,-2.59921252626747,0.137336652615931,2.60027121513398,-0.309782187469207
276,281,0.000275,0.001044,0.0,0,1,-9.43673296517181,18.3159473225957,9.4378294122644,-18.3117848107242
276,282,0.050086,0.090853,0.00476,57,1,1.2027952567827,0.082529797005775,-1.20206163389611,-0.587590148192444
282,283,0.004154,0.024358,0.03598,269,1,14.5533465298535,0.845037189966791,-14.5447722205897,-4.6146487510699
276,284,0.00082,0.006862,0.01701,416,1,-0.0951915092092546,4.18847164587662,0.095391422569611,-5.99735159820501
281,284,0.000203,0.001059,0.0,0,1,12.3613864627578,14.9572491135435,-12.3606683817941,-14.9535030655602
278,285,0.000248,0.001171,0.0,0,1,-79.7092342596038,-6.95763310500849,79.7241432747205,7.02803010783795
281,285,0.001793,0.009518,0.00522,193,1,-27.691866032091,-0.565422101812998,27.7047846852939,0.0780956074388373
278,286,0.000255,0.001115,0.0,0,1,-9.69156435510447,-3.56745381075417,9.69181974131589,3.56857049948254
267,288,0.000556,0.028584,0.0,489,1,-5.26583486531758,-38.7287445127728,5.2739836448228,39.1476738533839
279,288,0.002613,0.152804,0.0,75,1,-0.380426839464418,2.00440444463687,0.380528416056608,-1.99846441034947
280,288,0.000234,0.001093,0.0,0,1,-10.6321564539949,36.0185237421424,10.6352541912654,-36.0040543966865
285,288,0.008033,0.031953,0.00293,138,1,3.85178244321729,0.177593300853045,-3.85065549464241,-0.485173924527518
287,288,0.000939,0.005423,0.00663,269,1,12.4404762932954,-0.0380822312554124,-12.4391107575112,-0.65998112185193
263,289,0.062524,0.478049,0.08188,199,1,0.620870986258858,-4.23154619490025,-0.620635116777498,-4.47579173813077
282,289,0.000228,0.001017,0.0,0,1,53.274735343996,2.05065493950733,-53.2686384071858,-2.02345939241986
283,289,0.001806,0.01,0.01199,172,1,-29.984645571027,-6.4518919234715,30.0005341933129,5.26709677353154
245,290,0.000854,0.006025,0.00242,268,1,-35.0647975272823,-10.9904430363421,35.0756413975251,10.8098975630514
281,290,0.002045,0.012644,0.00357,161,1,5.89265015706858,3.9199577989716,-5.89165851363786,-4.29359727141091
272,291,0.000251,0.001,0.0,0,1,91.1804559486429,18.3735869142726,-91.1600539781661,-18.292304163369
282,291,0.000256,0.001116,0.0,0,1,-81.839015334106,-8.17166895424602,81.8553068140609,8.24268962467449
284,291,0.000251,0.00108,0.0,0,1,12.2652769592242,20.9508546637828,-12.2638866830572,-20.9448725990004
290,291,0.00024,0.00112,0.0,0,1,-44.6562907652335,-8.21216902780585,44.6609447906271,8.23388781297597
285,292,0.00254,0.015078,0.01383,228,1,-29.3363646631489,-3.39825120019959,29.3570499618613,2.04588926796322
287,292,0.012214,0.039049,0.00381,145,1,-12.4404762932948,0.0380822312561079,12.4582337209109,-0.38759066630134
263,293,0.00908,0.039521,0.00379,155,1,0.597273569211142,-17.2877338959134,-0.572345181994819,16.9901903935858
291,293,0.002708,0.075158,0.0,203,1,1.06934788463228,17.6949955187207,-1.06164351073787,-17.4811678476884
242,294,0.000297,0.001179,0.0,0,1,128.465649971735,9.64541163788261,-128.419455636801,-9.46203412647768
272,294,0.002592,0.012114,0.01106,237,1,-24.0919751481623,-2.3791355481455,24.1061879880069,1.26743620376096
285,294,0.000299,0.001146,0.0,0,1,-81.9443457400735,-3.88546781588964,81.9632317451487,3.95785364136171
286,294,0.003148,0.018353,0.04671,296,1,-9.69181974131582,-3.56857049948768,9.69463065438411,-1.39223816605912
291,296,0.008348,0.03809,0.00241,121,1,-42.6881872819734,-5.15852326194992,42.8332087657697,5.56255675900629
244,297,0.002632,0.079398,0.0,90,1,-11.2964995662786,-4.13695573544985,11.3000695198826,4.24464843159583
292,297,0.002941,0.014453,0.00761,203,1,-58.2463474447344,-10.6839103599376,58.342699766722,10.3423669277487
295,297,0.003565,0.020055,0.00675,244,1,18.0159393990684,3.85182394537297,-18.0046097285198,-4.51421235568789
296,297,0.000225,0.00102,0.0,0,1,56.9644334002935,12.3478439740435,-56.9573209797961,-12.3156010011222
248,298,0.005768,0.175496,0.0,100,1,-0.407964866018338,-1.46713781212247,0.40808969564875,1.47093585317981
296,298,0.00026,0.001164,0.0,0,1,-116.145348947496,-57.4842511864491,116.18597628593,57.6661366554383
242,299,0.002453,0.011339,0.00506,175,1,-90.0745912439781,-10.5978355215812,90.2635605931688,10.9296848479588
251,299,0.0001,0.008136,0.0,2005,1,26.1118816132169,-12.6875429852747,-26.1110953371269,12.7515144079561
296,299,0.000255,0.001113,0.0,0,1,64.1635692149647,23.729664770729,-64.1524652560483,-23.6811992559293
295,300,0.003354,0.014566,0.00571,227,1,4.08982959997876,-2.36311778697178,-4.08917724225886,1.75076551992768
296,300,0.087253,0.240786,0.00823,70,1,-1.00898706948117,-0.652399365906481,1.00984940705391,-0.230896727313737
298,300,0.018007,0.031363,0.02013,49,1,-3.07771157363416,-0.645573849689967,3.07932783520533,-1.51986879261373
8,71,0.005873,0.024888,0.00547,165,1,49.5377844745688,-0.737335460832949,-49.4050042128651,0.707734960355158
25,87,0.000253,0.001011,0.0,0,1,54.2722061114085,36.3579518386175,-54.262197139659,-36.3179555127726
55,66,0.002787,0.014033,0.00144,154,1,152.459301992657,-21.7292709348754,-151.834684527628,24.7221047733211
46,91,0.012005,0.05982,0.04418,157,1,137.246847613151,-1.94135185458434,-135.164418270311,7.58004180100592
85,162,0.000497,0.002769,0.00184,276,1,-2.07754437892437,-0.468891999210228,2.07756483711894,0.269969956335374
74,153,0.000584,0.004181,0.00556,194,1,-20.1199383807033,-25.4949339712215,20.1257031551715,24.9497932871046
90,145,0.010308,0.039604,0.00345,155,1,0.750232956637107,-9.87369443789322,-0.740999177922337,9.5439464311009
107,135,0.001035,0.048195,0.0,232,1,-6.84919552905092,-20.9302834314268,6.85398035726984,21.1530899976205
169,201,0.01978,0.077445,0.02168,127,1,-57.4660358542153,14.6627342391729,58.1162183955441,-14.4608405202163
171,229,0.004665,0.02215,0.00236,95,1,-82.4964350928779,37.2234276785943,82.8481222740744,-35.8092972135181
134,238,0.001148,0.018689,1.70853,2232,1,-233.811573741813,-71.2046893075089,234.39346141353,-105.101338057067
155,224,0.003832,0.021054,0.01858,184,1,-121.092939587171,18.5655455332352,121.629363977929,-17.6169148573083
238,268,0.007566,0.018475,0.00271,54,1,36.1826017095765,-7.03268352538426,-36.0881660961875,6.96912835201593
200,298,0.003696,0.019654,0.00608,226,1,55.3683179731434,-7.16194834330521,-55.2616086849121,7.0743577781747
218,296,0.012784,0.04572,0.00671,117,1,47.1012744982793,-16.1638976450136,-46.806875363945,16.4965850486141
182,298,0.00026,0.001092,0.0,0,1,63.4241079900848,67.9300614337696,-63.403286461396,-67.8426110132767
271,51,0.015317,0.092726,0.00928,152,1,-35.9057207686369,-2.98710822038509,36.091000892562,3.10720244310609
266,33,0.010778,0.036177,0.07537,216,1,-29.3014529722169,2.93613088293962,29.3924313223732,-10.738017670671
295,45,0.001872,0.067521,0.0,234,1,-26.6100095075116,-4.91341997823262,26.6227343235593,5.37239022628659
259,44,0.046601,0.296636,0.13945,250,1,-9.13831015414128,-8.79186319498016,9.17519596477502,-6.09634371542648
